r_points,r_text,place,,,,
10,"The meat I ordered was not fresh, got poisoned really bad. Shame, I really thought better of the place. Never again.",To Elliniko Ouzomezedopoleio,Review 68 Similarity,0,Review 201 Similarity,1
30,"the restaurant is beautiful and will please any tourist but the standard is not what I expected knowing the greek cuisine, it is more industrial than homemade, in Cyprus restarant owners pay more attention to the place than the food",To Elliniko Ouzomezedopoleio,Review 191 Similarity,0.468521286,Review 18 Similarity,0.5
40,"I had a business dinner here. the place is a little too loud for business conversation, but may be OK for casual dining. The menu is very extensive with a very lengthy selection of cheeses and dishes from all over Cyprus and Greece. the descriptions are somewhat cryptic so its better to have someone local with you who can explain the food.",To Elliniko Ouzomezedopoleio,Review 150 Similarity,0.312347524,Review 70 Similarity,0.5
50,One of the most delicious places i ve ever visited. Even during fastening you can find amazing food! Modern Greek Taverna just in front of Hilton Park Hotel. Great cozy family place! Must visit.,To Elliniko Ouzomezedopoleio,Review 145 Similarity,0.234260643,Review 106 Similarity,0.5
40,"I‚Äôve eaten at this place and ordered it home. There location is nice but there isn‚Äôt much of a view. The food takes a good 15-20 minutes to be served depending on your order. The the fish and meat portions were smaller than I expected, but the taste is there. Overall I do recommend.",To Elliniko Ouzomezedopoleio,Review 49 Similarity,0.078086881,Review 184 Similarity,0.5
50,"Staff was really friendly and helpful.. I went with friends and we had some great dishes to share.. e.g. zucchini balls, aubergine with tahini was exceptional!! Cold beers and cheers to that place!!",To Elliniko Ouzomezedopoleio,Review 2 Similarity,0.279372118,Review 80 Similarity,0.447213595
40,"This is your typical ""ouzomezedopoleio"" meaning a place offering small dishes to accompany ouzo or in a wider sense any drink... Well cooked delicacies or raw dishes based on traditional recipes.",To Elliniko Ouzomezedopoleio,Review 169 Similarity,0.279372118,Review 82 Similarity,0.447213595
50,"Visited the place quite a few times, the food is exceptional the service is good and the prices quite reasonable",To Elliniko Ouzomezedopoleio,Review 18 Similarity,0.209529089,Review 116 Similarity,0.447213595
30,I 've heard a lot about this place so I decided to visit it...the atmosphere and the decor are great so as the service. We try different starters and all were delicious. The main plate was just good,To Elliniko Ouzomezedopoleio,Review 41 Similarity,0.209529089,Review 117 Similarity,0.447213595
40,Been here with a friend. Good place and staff. The food was nicely cooked. Prices were like 12-15 per person without drinks as far as I remember.,To Elliniko Ouzomezedopoleio,Review 19 Similarity,0.139686059,Review 155 Similarity,0.447213595
50,"We were staying at the Hilton Park Hotel so decided to eat here. It was clear that the restaurant is part of a chain as everything is very professional. The menu has a vast choice. We had potato skins for starter - don't be misled, they are actually new potatoes boiled in their skins, a huge portion. For main we had the pork fillet which was one of the best pieces of pork we have had in Cyprus and the stuffed sardines which were beautiful. The house wine was fine. The service throughout was excellent, the staff were knowledgable and helpful. The price was very reasonable. Would definitely recommend this place, it is really different from the normal Cyprus taverna.",To Elliniko Ouzomezedopoleio,Review 167 Similarity,0.446303699,Review 20 Similarity,0.40824829
40,"Everything that we ordered (and we tried many plates from their menu that offers a wide variety of choices) was very tasty, well prepared and nice looking. The service was fast and effective and the place nicely decorated. Something you suspect during the meal and you feel after the meal is that some dishes are overdone in salt and spices, and that may produce indigestion to sensitive persons.",To Elliniko Ouzomezedopoleio,Review 55 Similarity,0.382546028,Review 33 Similarity,0.40824829
50,"Exceptional Greek cuisine, menu reminds me my trip to Santorini and Paxous Island's.That was my first time visiting this restaurant in Nicosia and for sure i wouldn't except to find this kind of dishes in Cyprus.This place don't serve the classic meze dishes but as the name says it serves authentic Greek dishes that you find in Greek islands.A variety of salads, grilled meals and seafood, what drove my attention was the seafood section with plates like fava from Santorini and seafood barley.I choose the Kritharoto barley risotto with seafood and it was delicious, presentation and taste was amazing.My new favorite place in Nicosia.Definitely recommended.",To Elliniko Ouzomezedopoleio,Review 131 Similarity,0.382546028,Review 34 Similarity,0.40824829
50,"Everything was great! We loved the food, great place, very polite stuff! The manager was very helpful! We strongly recommend it! We will definately visit again soon! Thank you!!",To Elliniko Ouzomezedopoleio,Review 234 Similarity,0.318788357,Review 66 Similarity,0.40824829
50,"Great place to while away the afternoon, no views but great selection of ouzo and meze. Food served is freshly prepared. Located at the entrance to Hilton Park hotel.",To Elliniko Ouzomezedopoleio,Review 250 Similarity,0.318788357,Review 67 Similarity,0.40824829
30,"‚ÄúTo Ellinikon‚Äù offers a huge variety of Greek dishes. I chose Yiaourtlou; alas, it did not prove to be the ‚Äúreal‚Äù Yiaourtlou as served in Athens; this one was the Cypriot version it seems. The kebab on the skewers was tasteless. Also, instead of it being served on a pitta bread spread with tzandziki and source, it came on bare pitta bread ‚Äì the tzandziki and sauce were contained in a small cup each, in what was not even a sufficient quantity.The place was spacious, clean and tidy. The atmosphere was rather noisy, a fact that was not conducive to having a peaceful dinner. The waiter was helpful and service was good.All-in-all an average experience.",To Elliniko Ouzomezedopoleio,Review 219 Similarity,0.191273014,Review 123 Similarity,0.40824829
40,"Visited, with friends, on a Saturday night. Good quality of food. Fast service. Rather, large place and a bit noisy. Not cheap but fair prices. Recommended for the occasional visit. Need to reserve.",To Elliniko Ouzomezedopoleio,Review 229 Similarity,0.191273014,Review 124 Similarity,0.40824829
40,Very good food and service with a warm atmosphere. The place are very welcome to the public and nice to visit them.,To Elliniko Ouzomezedopoleio,Review 11 Similarity,0.127515343,Review 157 Similarity,0.40824829
50,"Tried this place a few times, quality is always the same, both service and food. Knowledgeable, English-speaking Staff is looking after you, my favorite is the minced meat kebab with excellent seasoning.",To Elliniko Ouzomezedopoleio,Review 15 Similarity,0.127515343,Review 158 Similarity,0.40824829
40,"The place is very nice, and staff are kind and friendly. We liked everything we ordered (meats, starters and dips), and prices are relatively reasonable. We will be back for sea food!",To Elliniko Ouzomezedopoleio,Review 187 Similarity,0.127515343,Review 160 Similarity,0.40824829
40,A place where you can emjoy greek mezedes with emphasis to Crete food. The service is good and the staff very polite,To Elliniko Ouzomezedopoleio,Review 192 Similarity,0.127515343,Review 161 Similarity,0.40824829
50,"I've visited Elliniko many times in the last 6 months. I waited until now to write a review because nornally all new restaurants try their best at first until they are established and then they try to cut costs on the expense of the quality and quantity of the food. This is not the case with Elliniko. For six months I noticed that the food was improving while the prices were not changing. For example the smoked pork was a bit salty and gradually they managed to control the amount of seasoning. Additionally the quick lunch menu was a nice surprise with a variety of dishes, meat, salads, poultry paying aproximately 9 euros per person and have a full meal.The food is really not expensive. The secret is that you have to be careful about the amount of food you are ordering. The menu has an incredible variety of dishes and it can be confusing. First time I visited the place with my wife I paid around 30 euros per person and there was plenty of food left untouched. I had them pack it for take away and my wife and I had it for lunch the next day and there was still leftovers. Next time I visited, I asked the waitress to help me with my ordering and the bill was approximately 15 euros per person and still had a small amount of food left on the table. Bottom line ASK THE STUFF TO HELP YOU.The stuff is mainly young people acting exactly how I like to be treated as a customer in a greek taverna. Friendly but also professionals. Attentive but also discrete. Well done boys and girls!On the downside the place can be really noisy and crowded during the weekends and people who like peace and quiet should prefer visiting the place during the week. Additionally they should consider adding more options for desserts.Overall I believe that this is a restaurant that fits my needs and I hopefuly they will continue maintaining their high standards.",To Elliniko Ouzomezedopoleio,Review 198 Similarity,0.365977656,Review 41 Similarity,0.390566733
40,"i went to this place three times and each time i visited, i see it always improves. the food was nicely cooked, the quantities were decent, i wish the prices were better, as more or less , you could say it a bit of a fast food restaurant",To Elliniko Ouzomezedopoleio,Review 27 Similarity,0.472225069,Review 14 Similarity,0.377964473
40,"I visited the place for lunch, It was my third visit. Just like the previous two times, we ordered several starters and salads, as well as a couple of main dishes to share. I quite liked the starters and the salads who were innovative and tasty, but the main dishes were average or sub par. And especially taking into account the price of each dish, I find that there are better options out there with more reasonable prices, given the large number of places offering these type of cuisine.",To Elliniko Ouzomezedopoleio,Review 40 Similarity,0.413196935,Review 26 Similarity,0.377964473
40,We visited the restaurant on a Sunday for lunch. The food was very nice and also the atmosphere very good. Though the place was full there was a lot of space for us to move around and the chairs were not packed! The prices were within expected range and the desert was complementary! Would definitely visit again soon:),To Elliniko Ouzomezedopoleio,Review 139 Similarity,0.413196935,Review 27 Similarity,0.377964473
40,bright and airy place to eat went here mid summer and very nice experience. I had some local meat dish with others enjoying varied dishes overall very tasty as we sampled each others dishes. pricing was average and worth the money will return again soon.,To Elliniko Ouzomezedopoleio,Review 112 Similarity,0.354168802,Review 50 Similarity,0.377964473
20,"If others find this restaurant the best North-Greek experience in town, then they must have never been to Thessaloniki. Yiaourtlou was just a joke, with over salted meat on plain pitta and a tiny side sauce. Small fried fish gavros, served plain without anything aside, no salad, no chips, not even lemon! Chips are pre-fried of course, forget the fresh. Tsipouro was served in the correct tall glass but with ice in it, which is wrong if you are not asked first, because many people (like me) drink it straight. Generally the place is nice, the food options are many (i doubt the quality though) but certainly not even close to a good Thessaloniki tavern.",To Elliniko Ouzomezedopoleio,Review 215 Similarity,0.354168802,Review 51 Similarity,0.377964473
50,"Tasty and plenty of food also for vegetarians. Nice place. Food for all tastes, meat, fish and vegetables.",To Elliniko Ouzomezedopoleio,Review 60 Similarity,0.236112534,Review 101 Similarity,0.377964473
50,Ate meze style with friends. We picked from the menu rather than ate a set item meze (Cypriot friends selected). Food was excellent. Service was very friendly. Modern decor that was perfect for lunch - lots of windows for good lighting. A little more expensive than small neighborhood taverns but I would not place it into the high price category of some restaurants.,To Elliniko Ouzomezedopoleio,Review 140 Similarity,0.177084401,Review 138 Similarity,0.377964473
10,"The grilled 'talagani' was the first thing we ordered that arrived to the table- it was cold. At that point I thought that maybe that was a fluke and the rest of the food would be decent...but unfortunately it was not the case. My pork souvlaki was pink, the fries smelled of burnt oil, the 'politiki' salad was completely wilted and had too much salt. The list goes on. However, my most serious concern relates to misselling- we also ordered a 'mosxarisia brizola' (beef steak) which I am quite convinced was in fact a pork chop of some description put on the menu at at a considerable mark-up (‚Ç¨16). The waiter reassured us that it was beef however I remain unconvinced. I can't recommend this place I'm afraid. Don't be fooled by the agreeable decor, this is essentially fast food quality sold at a premium.",To Elliniko Ouzomezedopoleio,Review 182 Similarity,0.177084401,Review 139 Similarity,0.377964473
50,Visited because it was close to place we stayed. Food quality was outstanding. Friendly staff. Nice decorations. Prices very reasonable. Cyprus coffie is not worth to try on other hand.,To Elliniko Ouzomezedopoleio,Review 14 Similarity,0.118056267,Review 162 Similarity,0.377964473
50,Huge menu only place that reminds greek meze fast and friendly staff really nice atmosphere higly recommended!!!,To Elliniko Ouzomezedopoleio,Review 93 Similarity,0.059028134,Review 191 Similarity,0.377964473
50,Visiting the place many times we had try almost all dishes . All dishes have excellent taste and quality. About the restaurant and the atmospher is just amazing!,To Elliniko Ouzomezedopoleio,Review 89 Similarity,0.496941867,Review 4 Similarity,0.353553391
50,"Maybe the only original Greek restaurant with authentic traditional greek recipes and same quality of food from the first day.It is very rear to find out a place that keeps the standards so high,like this!",To Elliniko Ouzomezedopoleio,Review 76 Similarity,0.331294578,Review 60 Similarity,0.353553391
50,"Always a fan of Greek food, this is the place to have some of the best dishes and mezzeh, very friendly and knowledgeable staff, prompt service and very rich and tasty selections",To Elliniko Ouzomezedopoleio,Review 221 Similarity,0.331294578,Review 63 Similarity,0.353553391
40,"Adjacent to the Hilton Park, so loads of free parking. Nicely laid out with indoor and outdoor seating. Extensive menu of mainly Greek and Cretan dishes. Seafood very good, but meat dishes a bit underwhelming. Best thing about this place is the beer called Fix.",To Elliniko Ouzomezedopoleio,Review 181 Similarity,0.276078815,Review 83 Similarity,0.353553391
40,This place reminds you of a grocery. It has a nice atmosphere and the service is good. Kind waiters and staff. There is a large variety of different dishes. Taste of some food could be improved.,To Elliniko Ouzomezedopoleio,Review 199 Similarity,0.220863052,Review 114 Similarity,0.353553391
50,A very traditional place that reminds you Greece but also serves you GREEK food that you think you are in Greece. The staff is amazing as well as the food. It's very good and i will be visiting it again very soon as it's AMAZING.,To Elliniko Ouzomezedopoleio,Review 59 Similarity,0.110431526,Review 166 Similarity,0.353553391
40,"Very nice place to have dinner or lunch with family or friends, with very nice Greek food, meat or fish. Mussels saganaki was not my favorite.Good selection of wine, I recommend agiorgitiko reserve.",To Elliniko Ouzomezedopoleio,Review 10 Similarity,0.055215763,Review 193 Similarity,0.353553391
50,Visiting the place twice we are very satisfied about food and prices . Very kind staff and helpful . About the restaurant is just amazing . The best Greek food in the capital city . Must visit!!!!,To Elliniko Ouzomezedopoleio,Review 91 Similarity,0.416463365,Review 25 Similarity,0.333333333
50,"Great food,amazing atmosphere,excelend service,tasty food,perfect place to be with friends to spent time",To Elliniko Ouzomezedopoleio,Review 20 Similarity,0.364405444,Review 42 Similarity,0.333333333
40,This is very nice restaurant located next to Akakiko and Hilton Park.This place is fancily decorated and really gets you in the mood from the moment you step in.Food is nice but prices are on the high side.Overall a good choice for a dinner in Nicosia.,To Elliniko Ouzomezedopoleio,Review 186 Similarity,0.364405444,Review 43 Similarity,0.333333333
40,"The food came fast and it was well cooked.mostly meat dishes and fried calamari. The salad was fresh and the staff polite and welcoming. However, we were seated next to the door and it was freezing cold. Also, the smoke from the smoking section kept creeping in and it felt like we were sitting in the smoking area to be honest.Dessert was fine too. We had a couple of pieces that we all shared.Again the food was great and the quantity,too,but it was expensive. We paid 30-35 euros per person with no wine. Just soft drinks and a couple of beers.Additionally they only serve esspresso and cyprus coffee. No other hot beverages which was a pity sincevit was so cold outside.Overall a nice place but you can't go there regularly.",To Elliniko Ouzomezedopoleio,Review 105 Similarity,0.312347524,Review 69 Similarity,0.333333333
40,Warm place which reminds an old grocery but in a modern decor. Plenty of greek tasty dishes. You can choose between cold and warm appetizers and a main selection of main dishes. Staff was smiley and friendly. Not as expensive as I heard!,To Elliniko Ouzomezedopoleio,Review 155 Similarity,0.312347524,Review 71 Similarity,0.333333333
50,"Delighted to find this place. Delicious food - almost a Greek Tapas - so smallish quantities, excellent prices. Really couldn't fault the simple and delicious lunch we had, with excellent service. Recommended",To Elliniko Ouzomezedopoleio,Review 240 Similarity,0.156173762,Review 150 Similarity,0.333333333
50,"Great place to enjoy high-quality food ,busy restaurant but the service was quick and efficient. Lovely atmosphere and delicious food!! Highly recommended:)",To Elliniko Ouzomezedopoleio,Review 109 Similarity,0.493864798,Review 6 Similarity,0.316227766
50,Once again after some months we have visited this nice restaurant. We enjoyed greek meze along with european specialities in a lovely place. The service was very good and the staff vwry well mannered. We also enjoyed nice sweets from the Yiagia Victoria .,To Elliniko Ouzomezedopoleio,Review 33 Similarity,0.296318879,Review 74 Similarity,0.316227766
40,"It was an overall good experience. Staff was polite and friendly and the restaurant modern, in a good place with a nice view. The portions though were too small and the prices high, so was a little dissapointment.",To Elliniko Ouzomezedopoleio,Review 194 Similarity,0.296318879,Review 75 Similarity,0.316227766
40,"Visited this new comer last sunday. Very positive first impression, nice deco, you think you are sitting at a supermarket's corner watching the deli section! Very cute with good food.I wasn't particularly impressed with my chicken souvlaki I expected it to have a more interesting twist, but it wasn't bad. The presentation was fine and I regret not trying the meze dishes that seemed fantastic rather than the 'boring' chicken.I would recommend this place in general, it's clean, the menu is straightforward and I liked the atmosphere. I'd go again, but not on a sunday! Too noisy! And the food takes longer to serve!",To Elliniko Ouzomezedopoleio,Review 247 Similarity,0.246932399,Review 100 Similarity,0.316227766
30,Very nice place with nice setting and smart decor. Service was good as well. However the food quality and quantity was average especially at the prices offered.,To Elliniko Ouzomezedopoleio,Review 130 Similarity,0.148159439,Review 152 Similarity,0.316227766
40,"we visited in Oct 2015. i enjoyed the food and the wine. good value for money i think. i liked all the dishes which is amazing. the only think i would change is to put spoons in every plate they serve. they want to do it like in Greece but i think in Cyprus we prefer to have a spoon for each plate served. not to dip in with our own spoons that is. however, nice atmoshpere, food and location. i would go back there again. its also a nice place to take guests.",To Elliniko Ouzomezedopoleio,Review 241 Similarity,0.188352644,Review 127 Similarity,0.301511345
40,"Nice place, good atmosphere, well decorated, the staff is friendly and helpful, they offer variety of dishes and good prices!",To Elliniko Ouzomezedopoleio,Review 16 Similarity,0.141264483,Review 153 Similarity,0.301511345
50,"Since the first time we visited the restaurant, we always stop by the Elliniko for dinner when in Cyprus and Nicosia for either a holiday or a business trip.Once again, we enjoyed our dinner with a good selection of amazing appertizers and salads and great tasty main courses. Friendly, polite and lovely staff; especially Savvas, he is a truly professional! We do like the modern with the traditional ‚ÄòGreek Style‚Äô decoration of the place. Until next time...the Elliniko is an excellent choice with a majority of Greek dishes! Thank you for taking care of us!",To Elliniko Ouzomezedopoleio,Review 42 Similarity,0.47646289,Review 13 Similarity,0.277350098
40,This is a nice casual place where you can enjoy very tasty starters which you can share.dishes with cheese and feta. I recomend the pork chop and pork souvlaki with nice fries Prices moderate I recomend it for a nice casual night out with friends,To Elliniko Ouzomezedopoleio,Review 65 Similarity,0.216574041,Review 115 Similarity,0.277350098
40,"The food was very good. Generous portions, wide selection and overall good quality. Staff were attentive and courteous. Good place for a meal.",To Elliniko Ouzomezedopoleio,Review 183 Similarity,0.043314808,Review 197 Similarity,0.277350098
50,"Three of us had dinner at ‚ÄúTo Elliniko Ouzomezedopoleio‚Äù. The place was nice, tidy, clean and decorated in a modern way. It was quiet too, a fact that made it conducive to a quiet evening out. The staff were very pleasant, courteous and facilitative in helping us to make our selection of dishes. Service was very prompt.A wide variety of Greek food was offered. We ordered Dakos Cretan Salad, White Taramas, and Kolokithokeftedes for starters, followed by Marinated Chicken Fillet with Greek Pitta, Pork Bacon glazed with dark honey sauce and fries, and Kebab Yiaourtlou as main dishes.They were all very well presented, very tasty and very stomach-filling.All-in-all we had a memorable gastronomic experience and look forward to revisiting ‚ÄúTo Elliniko Ouzomezedopoleio‚Äù.",To Elliniko Ouzomezedopoleio,Review 147 Similarity,0.333913548,Review 57 Similarity,0.267261242
50,"Excellent! Wonderful food, excellent music, nice music, excellent service and very nice place! It's worth to go with friends or family!!",To Elliniko Ouzomezedopoleio,Review 205 Similarity,0.078086881,Review 187 Similarity,0.25
50,"This was our first time at this restaurant and we were impressed! I've been reading the comments for 'To elliniko' quite a long time now and I was not sure if this place is really good or bad due to mixed opinions. We decided to go and see for ourselves and good we did! First impression is the professionalism and politeness (without being too much) of the personnel. Our waiter (pity i don't know the name to mention it) was very helpful with our order and very friendly! The menu is extensive and we need some guidance in terms of how many dishes we have to order and the portions in order to neither exaggerate or order less than we should. We had a salad with rocket and despite the fact I'm not so much into rocket I liked it. Then had the Talagani Messinias which is similar to Cyprus halloumi and we found it delicious and the feta cheese in crusty dough with honey which it was amazing! For mains we shared the Agiorgitiki Tigania and the calamari skewers with a kind of bulgur pilaf both mouthwatering! There is an extensive selection of ouzo which we 'd chosen from! Food was coming on time, it was freshly done, service was flawless and value for money! We are looking forward to going back and try more dishes from the menu! Don't just read some of the average in rating reviews here, just go! You will not regret it!",To Elliniko Ouzomezedopoleio,Review 161 Similarity,0.492410112,Review 7 Similarity,0.242535625
50,"To Elliniko is so good .. It is Unbelievable!I have visited this restaurant several times during my last stay in Cyprus. We always liked it .... As part of our wedding we therefore wanted to organise a dinner (a day before the actual wedding) at To Elliniko for 60 of my friends. Spoke to the owner beforehand to discuss a budget and gave him freedom to create a menu that would suit locals and foreigners.From the moment we entered drinks arrived at the table and soon after the food came out. It was simply delicious. The starters to share were so good .. my friends kept on raving about them! Then the mains arrived and again people were so happy. The quality of the meat was sublime ; not dry at all and perfect in taste! The chef has really taken the Greek cuisine and put his own mark on it without losing any of the traditional elements. He must be so talented.What surprised me most of all was the consistency of the dishes and the way how logistics were handled. Every dish arrived at the same time at the table, looked stunning and tasted the same....for me it is mind-boggling how the chef and kitchen managed to deliver such high standard for such a big group of people.I can't thank the waiters, staff, chef and manager enough for adding such a special touch to our wedding!I will return , maybe not with such a big group :)) ... But to Elliniko definitely will always be a place for me to come back to and revisit those happy memories!Modern Greek food to its finest !Recommend to all whether you come by yourself or with a big group.Richard",To Elliniko Ouzomezedopoleio,Review 173 Similarity,0.368105087,Review 40 Similarity,0.23570226
50,Friendly place!! Good food!! Nice environment!! Good quality of food and friendly staff!! Everythink was good!!,To Elliniko Ouzomezedopoleio,Review 90 Similarity,0.068159818,Review 188 Similarity,0.21821789
50,"Delicious greek food, very good quality and well cooked! A bit expensive but it worth it! They have a big variety of vegetarian dishes also and good greek wine! We 've tried the zucchini balls, the cheese croquettes, the eggplant, the octopus, the sardine and the greek salad and all of them were very well cooked and prepared!Good service and nice place also!",To Elliniko Ouzomezedopoleio,Review 141 Similarity,0.127515343,Review 159 Similarity,0.204124145
20,"The location is easy accessible. Plus it's a positive fact that it is not directly adjacent to the main road and parking is easily accessible and free which is not the case in Nicosia anymore as many parking spaces are unfortunately privatized. The interior design is suitable for a Greek mezze place, the waiters are polite and attentive and there is a good display of gourmet products to purchase if desired. However it would have been nicer if there is a bigger variety of products focusing more on Greek produce or from Thessaloniki region which directly relates to the food instead of yet another place that also sells Cypriot produce. A further speculation and study on the products provided for purchase. In regards to the food which explain the poor-rating is that the portions are very sufficient for a mezze but the quality of food is very average. We would rather pay the same price for their dishes, but have a smaller portion and invest more in the quality of the ingredients used. The flavor component needs a lot of work to be satisfactory. We felt that it was lacking a lot on seasoning, the use of Mediterranean herbs and good olive oil. We also felt that some of the components of the dishes were prepared a lot of ahead of the serving time and were just assembled therefore not as fresh before they are to be consumed and for the amount of people in the kitchen this did not justify it. They were well executed in presentation but the quality has a lot of faults. It has an interesting menu and an interesting choice of dishes put up together so we would really like to try out more of the dishes but for the meantime we won't be going back until we hear from word of mouth that the quality and freshness of food has elevated itself. Also if we compare to a lot of the new pop up local restaurants in Nicosia, for the price we paid, we can get better food, better quality and more quantity elsewhere. We couldn't finish all the dishes because they were huge portions for mezze and at some dishes it was unnecessary to have such a large portion especially when it's a dip as a starter, and this didn't give us the chance to get a more variety to try because of the expense and portion size of every mezze dish.",To Elliniko Ouzomezedopoleio,Review 206 Similarity,0.282528966,Review 77 Similarity,0.201007563
50,"The atmosphere is excellent! It's a big and comfortable place, full of traditional foods and drinks found manily in Greece but in Cyprus as well. There's a big variety of cold and hot dishes, salads, drinks and sweets. Everything we tasted was magnificent! There are dishes originating from every corner of Greece, such as Macedonia, Metsovo, Crete, the islands, Volos etc. All well cooked, accompanied with great side dishes, such as tasty potatoes and sauces. The service was excellent, providing every help we needed and there was no delay in preparing and bringing our ordered dishes.One thing missing was some low-volumed music...",To Elliniko Ouzomezedopoleio,Review 201 Similarity,0.406051781,Review 28 Similarity,0.2
50,"The newest restaurant in Nicosia; it is adjacent to the Hilton Ledra Hotel and Akakiko Restaurant. It attracted us during its construction, and decided to try it.The restaurant is very nicely decorated; is very pleasant and relaxing; the space is perfectly used, the Kitchen is open to the seating area, and the restaurant is surrounded by shelves exposing a huge variety of delicatessen items.The reception was very warm and the service was professional with a great smile; the menu was full of great variety of Appetizers, Salads, Delicatessen Cheese and Meats, Salted/Marinated Fish, Hot Appetizers and Meze, Meat Dishes, and Seafood Dishes.We were offered a Potato Salad and Paprika Appetizers; they were both delicious; the Rocket Salad was fresh, the Fried Potatoes Skins was tasty, the Eggplant Rolls Stuffed with Meatballs and Feta Cheese was unique and tasty, the Cretan Village Sausages, the Grilled Sardella Pantremeni, and the Mussels Saganaki Cooked with Creamy Pepper and Feta Sauce were perfectly cooked and delicious.It is a delicatessen in big portions at very reasonable prices compared to average food in any other restaurant.",To Elliniko Ouzomezedopoleio,Review 253 Similarity,1,Review 1 Similarity,0
50,"I have visited To Elliniko Ouzomezedopoleio many times before but always as a ‚Äòregular‚Äô customer.I therefore know the food, .... and I know it always delivers in both taste and quality. Never have I been with a group though but we decided to give them a chance for our business outing.Boy, did they deliver !We, a group of 22 people, arrived a little early but this didn‚Äôt matter to the kitchen as before long the dishes started coming out. Yes, we agreed a menu up-front so the kitchen knew what to expect .... but it usually takes time for a kitchen to get up to speed. Not here ! .... delicious dips and small starters were put on the table in no time, the drinks arrived .. and people were getting comfortable ... having a great time.From there onwards .. it went only crescendo! Given that we had many foreigners in our group, we decided to go with a nice selection of typical Greek food. I don‚Äôt know if a Greek restaurant finds it harder or more easy to please foreigners (as they don‚Äôt know what to expect) ... but I personally was very happy to observe that all the Cypriots present (I‚Äôm Dutch myself) were really impressed by the food. And our foreign friends were also blown away.To put a long story short; we had a great evening. The service is excellent ; both friendly and professional ... no request seems to be ‚Äútoo much‚Äù for them to handle.I recommend for you to give them a try yourself, you will not be disappointed!",To Elliniko Ouzomezedopoleio,Review 81 Similarity,0.499756038,Review 2 Similarity,0
50,"One of the four or so restaurants in the Hilton Park Nicosia is the To Elliniko Ouzomezedopoleio, offering Greek mezze dishes. It was always my understanding that mezze are small dishes, hot or cold, spicy or savory, similar to Spanish tapas. The operative word is ‚Äúsmall.‚Äù The dishes I ordered were anything but small ‚Äì but humongous!Before ordering, I was given bread and a small complimentary dish of potato salad with a light mustard dressing. I normally do not like potato salad with mustard dressing, but I found this version to be quite tasty and would order the appetizer version listed on the menu (‚Ç¨5.50) if I were come again.For what thought would ‚Äúsmall‚Äù dish appetizers, I ordered the Armenian pastourma - highly seasoned, air-dried cured beef (‚Ç¨5.50) and an order of pan fried fresh mushrooms with cognac and balsamic vinegar (‚Ç¨6.50). This would be followed by my ‚Äúmain course‚Äù of horiatiki ‚Äì a country style salad with tomatoes, cucumbers, peppers, onions, olives and feta cheese (‚Ç¨7.00). I also ordered a 650ml bottle of domestic Keo beer .When the pastourma arrived, there were 8 pieces on top of a huge amount of what appeared to be politiki ‚Äì a cabbage salad with carrot, celery and red peppers. This was surely enough food for 2 or 3, after all, I expected this to be an ‚Äúappetizer.‚Äù The pan fried mushrooms were hot and very tasty. I would have ordered another if I didn‚Äôt already have the pastourma and the horiatiki salad was still to come. The horiatiki salad, like the pastourma was quite large, enough for 2 persons sharing.The offerings were tasty and the service was fast and efficient with no mistakes in my order. I could only finish the mushrooms as the two other plates were large. My waiter offered to put the remains in a take away container. I later placed it in my hotel room‚Äôs mini bar cooler to keep it from spoiling, so I could eat it the next day.I would definitely come again, if just for the pan fried fresh mushrooms with cognac and balsamic vinegar.",To Elliniko Ouzomezedopoleio,Review 148 Similarity,0.499445369,Review 3 Similarity,0
50,This restaurant combines a modern approach to serving traditional Greek food! The atmosphere is nice although too noisy when it is full. Service is good and there is a great variety of plates to choose from!,To Elliniko Ouzomezedopoleio,Review 143 Similarity,0.496941867,Review 5 Similarity,0
50,A very nice designed restaurant with delicious food and good service. I certainly recommend a visit.,To Elliniko Ouzomezedopoleio,Review 70 Similarity,0.488901207,Review 8 Similarity,0
50,"Fantastic restaurant, excellent food, lovely atmosphere and quick service!!! You have to try kaserokroketes are deliciousüëç",To Elliniko Ouzomezedopoleio,Review 106 Similarity,0.488901207,Review 9 Similarity,0
30,"Our experience here was average, as we didn't enjoy the food very much, even though the atmosphere is great. A few examples of the dishes we had are ""Kebab giaourtlou"", and this is served without yoghurt (!), which is actually funny and pretty unbelievable. We also had pita with traditional chopped sausage in it was full of oil, and this make it hard to enjoy. We also had zuchini-balls and those were tasty. Also, small pork-chops with carob sauce wasn't anything special.",To Elliniko Ouzomezedopoleio,Review 207 Similarity,0.488901207,Review 10 Similarity,0
40,"Traditional Greek food in modern surroundings gives this restaurant a relaxed, cosmopolitan feel. Portions are big so even though you're meant to order a few fishes they are much larger than tapas so pace yourself. Service was very friendly and efficient so overall a thumbs up.",To Elliniko Ouzomezedopoleio,Review 208 Similarity,0.488901207,Review 11 Similarity,0
30,"Reproduction of a Greek taverna offering authentic Greek dishes at quite affordable prices. Connected with Hilton Park with possibility to find easily ( free ) parking. Large menu to choose from. Accurate and friendly service in a pleasant atmosphere. Actually I read many excellent reviews about this restaurant so I am sure they can cook well and probably what occurred to me is just a mere accident. In any case a chef should check all the dishes which are getting out of his kitchen and he should not allowed a ""burned"" dish to reach the customer ! No need to give any explanation ... just have a look to the picture I posted along with my review in order to understand what I mean. I was not in the position to reject the dish; I did not want to make any controversy and I ate it all the same. Just a pity.",To Elliniko Ouzomezedopoleio,Review 168 Similarity,0.483886703,Review 12 Similarity,0
40,"I have visited several times, mostly with family and also foreign guests for business lunch or dinner.This is one of the few places in Cyprus where Greek food actually resembles the one you get in Greece, includes many old-school traditional dishes, all the meats are well cooked (pork chops, chicken souvlaki and fillet are juicy and delicious, never dry), although there is a tendency for over-salting‚Ä¶The variety is great, there is something for everyone, but it may be confusing to choose from such a long menu.The staff is fast, polite and helpful, the atmosphere is unique and a sort of an entertainment by itself, can get quite noisy though and the lights are too strong to my taste.As for the price, you can easily have a filling tasty meal on a budget, but if you fall into the trap of trying-out a selection of several hot and cold dishes with your ouzo then you may be unpleasantly surprised with the bill.",To Elliniko Ouzomezedopoleio,Review 95 Similarity,0.470881609,Review 15 Similarity,0
50,i have visited the restaurant several times over the last 6 months. The service is excellent. the food is traditional and tasty The service is excellent,To Elliniko Ouzomezedopoleio,Review 116 Similarity,0.470881609,Review 16 Similarity,0
50,My husband and I were in Nicosia for business and stayed at the Hilton Park Hotel. This restaurant is connected to the Hilton Park and was fabulous! The food was so wonderful that we ate there four different times. The staff was very friendly and our meals arrived in a timely manner.,To Elliniko Ouzomezedopoleio,Review 29 Similarity,0.468521286,Review 17 Similarity,0
20,"This was our first time to this restaurant and it will probably be the last.The nice setting reminds of Greece and sets a very high standard of expectations for the food and the service.Unfortunately the actual experience was anything but! Service was amateurish with almost all dishes mixed up between the 4 of us. What was worse was that the service felt ""cold"" definitely not reminiscent of Greek or Cypriot hospitality.Food was ok but only that.....We won't be going back any time soon.",To Elliniko Ouzomezedopoleio,Review 166 Similarity,0.454532411,Review 19 Similarity,0
50,After trying almost all dishes ! we really enjoyed seafood and especially the baked sea bread and small meze like salted/ Marinated fish really tasty!!!!,To Elliniko Ouzomezedopoleio,Review 82 Similarity,0.441726104,Review 21 Similarity,0
50,"Great variety with several dishes.Usual starters with tasty saladsMeat dishes are nice, not too cooked but tasty!Decoration is OK a bit not so authentic as it shouldAll in all they offer a nice selection of meat, veg and fish dishes for all tastes.Recommended.",To Elliniko Ouzomezedopoleio,Review 158 Similarity,0.441726104,Review 22 Similarity,0
50,"Unique dishes and wonderful tastes that give you a delightful experience..great quality of food, service and enviroment..",To Elliniko Ouzomezedopoleio,Review 107 Similarity,0.419058177,Review 23 Similarity,0
40,"Located in the Hilton Park in engomi, this restaurant serves the best Greek Food, food market or mezze, had the best Greek food so far, friendly service and great for large group of people ‚Ä¶..",To Elliniko Ouzomezedopoleio,Review 22 Similarity,0.41665471,Review 24 Similarity,0
50,We ordered from quick lunch menu 6 different dishes and it was all great! We will visit them again and again! The staff was exellent. Congrats to the chef,To Elliniko Ouzomezedopoleio,Review 178 Similarity,0.390434405,Review 29 Similarity,0
50,"We were staying in Hilton Park and therefore decided to try this restaurant as it is located just next door and offers Greek cuisine. We were extremely impressed, the food by its one deserves a 5 out of 5. Portions were massive, so we got full after 2 appetizers already. Overall we have tried about 6 menu items and all were extremely delicious, made out of local ingredients, including lots of tomatoes and feta cheese. I would also like to mention tons of vegetarian options in the menu which I was extremely pleased by. Staff did not seems to go ""extra mile"" though, despite suggesting several menu items for our taste, which we gladly accepted. But it does not spoiled our overall experience, so we will definitely be back!",To Elliniko Ouzomezedopoleio,Review 188 Similarity,0.389833274,Review 30 Similarity,0
50,"Excellent food, original Greek restaurant. High quality of service and nice atmosphere. Totally recommended",To Elliniko Ouzomezedopoleio,Review 73 Similarity,0.386510341,Review 31 Similarity,0
50,"If in the neighbourhood this is a good restaurant for local food. We had souvlaki and chops and salads. Really enjoyed the evening, good service and nice environment.",To Elliniko Ouzomezedopoleio,Review 87 Similarity,0.386510341,Review 32 Similarity,0
40,"Absolutely perfect food, all the dishes were very tasty. Very good service and polite staff. Just one parameter that can be improved: we seated at the terrace facing the main road and our plates (although facing upside down) and cutlery were dusty. It would be better not to have the tables already set up but prepare upon guests arrival.",To Elliniko Ouzomezedopoleio,Review 132 Similarity,0.382546028,Review 35 Similarity,0
40,"We will go again to try more dishes as seems to be interesting. What we eat was tasty, portions were small (chicken souvlaki and pork pansetakia were not enough for 5 persons) but we were not too hungry so was okey.Atmosphere was warm and homely,decoration unique,service excellent and prices reasonable. Recommended.",To Elliniko Ouzomezedopoleio,Review 230 Similarity,0.382546028,Review 36 Similarity,0
40,"Come in for dinner with few friends, restaurant with nice atmosphere and music (local) starters were great and wine was nice. Mains were huge and generous, had a great smoked pork chops. Desert was ok. Very nice and fast service Good coffee",To Elliniko Ouzomezedopoleio,Review 28 Similarity,0.37877701,Review 37 Similarity,0
50,"The best restaurant in town especially for lunch! Every time i visit Elliniko is getting better an better. Atmosphere is really nice, the staff are friendly and always taking care their customers. The manager is absolutely the one every business is looking for to hire, he knows what he is doing. He's a gentleman, period. I definitely recommend it to everyone who likes good food and great atmosphere.",To Elliniko Ouzomezedopoleio,Review 152 Similarity,0.376705287,Review 38 Similarity,0
50,Excellent food & Excellent service. The variety of dishes served there is really huge. The dishes taste great and are always served with a smile. Strongly & highly recommended!,To Elliniko Ouzomezedopoleio,Review 235 Similarity,0.376705287,Review 39 Similarity,0
50,"Previous Friday I had the pleasure to be a guest again at To Elliniko. Our group was 60+ guests and therefore probably had an impact on staff and kitchen.Quality of food: I have never been disappointed with the food served at To Elliniko. This Greek Meze is compared to the Cyprus version absolute A class. Obviously there are personal preferences but in general it is very good. They take care of every piece of the menu and that is praiseworthy.Hosts: It is not easy to handle a crowd of 60 people and serve their food at the right temperature almost at the same time, but Mario and his team did it.This restaurant is absolutely one of my favorites in Nicosia.",To Elliniko Ouzomezedopoleio,Review 172 Similarity,0.362915027,Review 44 Similarity,0
40,"Located within the Hilton park hotel Nicosia. The food was well presented and tasty mainly the chicken with bulgur. The desert was just ok(ekmek kadyifi). The service was average, should be much better!",To Elliniko Ouzomezedopoleio,Review 3 Similarity,0.360667854,Review 45 Similarity,0
50,We had an occasional visit to this establishment and we really enjoyed our time here. The service was great and the food very delicious,To Elliniko Ouzomezedopoleio,Review 53 Similarity,0.360667854,Review 46 Similarity,0
40,"Very Good for a business meeting. Very tasty small dishes but we had to pay 94 euro for 4 persons per visit. Plenty of parking, very pleasant personell",To Elliniko Ouzomezedopoleio,Review 149 Similarity,0.360667854,Review 47 Similarity,0
30,"We visited To Elliniko several times since its inauguration; the food was mostly fine with few exceptions, but the service was below standards in every aspect; the waiters were doing their best, but they lacked the experience, and the food took very long to be served.The worst thing was serving the main course for each guest separately with 15 minutes gap between guests; we had to wait for the last dish to be served; making the food cold and inaudible. The first time we experienced this inefficiency was on Saturday and the restaurant was full; so we didn't complain, but the last visit was on Tuesday; we were the second table, still the 3 main courses arrived 20 minutes apart and we finished our lunch in 2 hours where a total of 10 guests were served by 3 waitresses.There is no doubt that the service team needs experience and training, the kitchen staff need better coordination internally and clear communication with the service staff.",To Elliniko Ouzomezedopoleio,Review 202 Similarity,0.358209285,Review 49 Similarity,0
40,I had a dinner party there with my friends. the quality of food was great and very tasty nice people friendly environment. Reasonable prices,To Elliniko Ouzomezedopoleio,Review 238 Similarity,0.354168802,Review 52 Similarity,0
50,"The restaurant is in the heart of Nicosia, and features a modern take on the traditional decor which creates a fresh space and immenses you in the true mezedopoleio experience. Make your own meze (dishes to share) and taste the most delicious Greek food made with the best quality raw ingredients. This is food to fall in love with and don't forget dessert..! Try the baby shrimps, the aubergine wrapped soutzoukaki, the zucchini fried balls, obviously the dakos, the white taramas, or taste some traditional Greek cheeses with your ouzo for an authentic Greek experience!",To Elliniko Ouzomezedopoleio,Review 231 Similarity,0.351390964,Review 54 Similarity,0
50,"Amazing food and great service, low prices for authentic greek cusine, for sure the best in town by far",To Elliniko Ouzomezedopoleio,Review 176 Similarity,0.349215148,Review 55 Similarity,0
50,located very centrally. seating in & out. lovely interior. great quality greek dishes from fish to meat and salads from various cuisines of Greece . very friendly & helpful staff. great prices will definitely visit again.,To Elliniko Ouzomezedopoleio,Review 126 Similarity,0.345705359,Review 56 Similarity,0
50,"Had dinner here with family and friends. Interesting menu, excellent and attentive service, very tasty food, good portions, comfortable seating, pleasant atmosphere, reasonable prices. An enjoyable evening and would gladly return.",To Elliniko Ouzomezedopoleio,Review 32 Similarity,0.331294578,Review 58 Similarity,0
40,"Situated next to Hilton Park Hotel. Very tasty food, slightly on the expensive side. Waiters are knowledgeable",To Elliniko Ouzomezedopoleio,Review 61 Similarity,0.331294578,Review 59 Similarity,0
40,"Very good restaurant in a greek environment. The staff, especially George Konstantinides, are extremely polite and professional! Ask for his suggestions on food. Try also the traditional Greek deserts",To Elliniko Ouzomezedopoleio,Review 138 Similarity,0.331294578,Review 61 Similarity,0
30,"I could clearly undestand that ""mezedes"" stands for small portions, however charging a small portion for a price of a normal meal is not a good idea.Either they have to drop prices so we can order more variety, or they have to increase the size of portionsRegarding the taste, is not a typical Greek restaurant if you have eaten in Greece, is more like Greek atmosphere with a local taste.",To Elliniko Ouzomezedopoleio,Review 159 Similarity,0.331294578,Review 62 Similarity,0
50,"Been there twice the past 12 months and theie food is amazing, service is great. The only thing i would change is that they bring the food too fast. It would be better if they paced it a bit.",To Elliniko Ouzomezedopoleio,Review 100 Similarity,0.318788357,Review 64 Similarity,0
30,The food was nice but the one of our dishes never arrived. No one noticed until we asked for them to remove it from the bill.They could improve a bit on the service.,To Elliniko Ouzomezedopoleio,Review 7 Similarity,0.312347524,Review 68 Similarity,0
40,Went for dinner with customers Nice big location also with dehor Great mix of different greek dishes from salads to feta and suvlaki Definitely suggested,To Elliniko Ouzomezedopoleio,Review 190 Similarity,0.312347524,Review 72 Similarity,0
50,"The best by far Greek style(original) ouzo-meze restaurant in Nicosia. Excellent authentic Greek recepies, cheeses, vegetables, ouzo and wine. Well trained waiters and cooks, very decent atmosphere, Open for lunch and dinner, most of the times need a reservation. Very good value for money, prices considerably high.",To Elliniko Ouzomezedopoleio,Review 239 Similarity,0.312347524,Review 73 Similarity,0
40,"very nice little tavern with menu in greek and in english..very interesting menu, a bit different from the usual meze with tasty food...and deserts :) lovely house wine at very affordable prices...friendly staff...the only thing I don't like (and I get annoyed each time I go there ) are the table with rounded feet...which mean you have to seat sideways and try to squeeze your feet somewhere...",To Elliniko Ouzomezedopoleio,Review 164 Similarity,0.282528966,Review 76 Similarity,0
50,Its been said that the greek meze is all little dishes. Here is not the case its more like portions so be careful with what you order as the food they bring is alot. There is alot to pick from the menu as they have a wide variety of different dishes. And try their barreled wine its verry good. Good for couples or with a few friends.,To Elliniko Ouzomezedopoleio,Review 212 Similarity,0.282528966,Review 78 Similarity,0
50,"Very good quality food with exceptional tastes from the Greek traditional cuisine. Great variety of choices on the menu. One of the best, f not the best service available with staff willing to explain everything on the menu and always available for anything needed!!!",To Elliniko Ouzomezedopoleio,Review 232 Similarity,0.282528966,Review 79 Similarity,0
50,Excellent tasty food with many choices that would satisfy every demanding customer professional and friendly service!!! Totally recommended !!! Don‚Äôt forget the deserts definitely worth every bite,To Elliniko Ouzomezedopoleio,Review 69 Similarity,0.279372118,Review 81 Similarity,0
40,"The food is very good and tasty. The surrounding inside is spacious and bright. No smoking is allowed on the inside, which is good compared to other restaurants in Cyprus. The service is efficient, the portions sufficient and the prices reasonable.",To Elliniko Ouzomezedopoleio,Review 251 Similarity,0.276078815,Review 84 Similarity,0
40,"Love both the meat and fish dishes here. Very well-made, good presentation and perfect seasoning. Service is prompt and efficient. One of my favorites in Nicosia.",To Elliniko Ouzomezedopoleio,Review 17 Similarity,0.27050089,Review 85 Similarity,0
40,It gives me another dimension to Greek crusine. Love the fried goat cheese and the grilled sardine fillets. Wish I had more companion to share the food with as there are so many more dishes which I love to try.,To Elliniko Ouzomezedopoleio,Review 51 Similarity,0.27050089,Review 86 Similarity,0
50,"Great food for all tastes, beautiful environment and friendly and polite people. Highly recommended!!",To Elliniko Ouzomezedopoleio,Review 74 Similarity,0.27050089,Review 87 Similarity,0
50,The best greek food! Its my favourite option for lunch during work days!If its for weekdays there are many options for the quick lunch offer (12:00-16:00) where you can combine different appetizers with different main dishes every time! My favourite combo is the aggourontomata salad or kolokythokeftedes with chicken fillet or souvlaki which are considered as healthy options since are cooked on grill!,To Elliniko Ouzomezedopoleio,Review 117 Similarity,0.27050089,Review 88 Similarity,0
30,"Nice menu with delicious, freshly made and tasteful dishes but the price and quantity is disappointing",To Elliniko Ouzomezedopoleio,Review 120 Similarity,0.27050089,Review 89 Similarity,0
50,"Very pleasant environment and friendly staff that offer quick service. Perhaps the music should be turned a notch down at times. The menu has several options from greek cuisine, not too many, but still enough to cover more than one visits. Prices on the upper average side. Portions are very good. The food is well prepared and delicious, reminiscent of modern greek restaurants. With the exception of the salad, which was decent but not something in particular, all dishes (in our two visits) were memorable.",To Elliniko Ouzomezedopoleio,Review 133 Similarity,0.27050089,Review 90 Similarity,0
50,Very tasty food and looking same with the pictures very good servis and managment. For sure i will come again!,To Elliniko Ouzomezedopoleio,Review 210 Similarity,0.27050089,Review 91 Similarity,0
50,"I have been visited twice ""To Elliniko"" so far and I am really enthusiastic about the authentic Greek mezes that they have.... Warm atmosphere, excellent service and unique Greek dishes!! Highly recommend to anyone who wants to try tasty and good quality food.",To Elliniko Ouzomezedopoleio,Review 217 Similarity,0.27050089,Review 92 Similarity,0
40,Good Greek restaurant with choice of traditional Greek and Cypriot meals. Looks like a deli from outside but once inside service is quick and efficient. Food and drink is good value for money. Atmosphere is good and buzzing.,To Elliniko Ouzomezedopoleio,Review 246 Similarity,0.265143907,Review 94 Similarity,0
30,"We visited one Friday evening for dinner with friends. Although such restaurants are known for offering mezedes in their menu, this one didn‚Äôt. What a disappointment!!!! We spent considerable time deciphering the dishes from a menu packed with un-necessary info.The staff was friendly and fast, but the quality of food was average. Will not visit again.",To Elliniko Ouzomezedopoleio,Review 12 Similarity,0.260289603,Review 95 Similarity,0
30,"Very popular, very crowded and very noisy! Interesting decoration, very friendly and fast service despite crowds. Wide selection of Greek mezedes consisting of meat and fish dishes. Well presented, good size portions and very reasonable prices. However taste-wise the dishes we tried were very average...not the real Greek thing but a good imitation. Lacked that special touch that could have made our dining experience memorable.Desserts too were below average. The low prices seem however to be the main incentive that keeps this taverna full.",To Elliniko Ouzomezedopoleio,Review 213 Similarity,0.257673561,Review 96 Similarity,0
50,Excellent service and great atmosphere! Very nice food and drinks. Recommend for families and couples!,To Elliniko Ouzomezedopoleio,Review 94 Similarity,0.255030685,Review 97 Similarity,0
50,Exvellent service in a nice atmosphere and quite an interesting menu with wide choices. Very interesting mix of authentic dishes which were rasty and enjoyable. Sure recommended for a good night out,To Elliniko Ouzomezedopoleio,Review 193 Similarity,0.255030685,Review 98 Similarity,0
40,"ok I will be honest. It is not as good as the same restaurant in Glyfada (Athens) that I often visit... but, for Cyprus standards its very very good. Nice atmosphere, good food preparation. True Greek experiences from the islands, the north, pelloponisos, crete and Cyprus.",To Elliniko Ouzomezedopoleio,Review 174 Similarity,0.250435161,Review 99 Similarity,0
50,"The food is excellent, it has a lot of options for vegetarians. The Staff is very friendly and service quality is top!!! Atmopshere great!!!",To Elliniko Ouzomezedopoleio,Review 75 Similarity,0.236112534,Review 102 Similarity,0
50,Excellent service. Good quality food. Pleasant environment. Convenient parking inside the Hilton. Classic Greek dishes originally cooked.,To Elliniko Ouzomezedopoleio,Review 137 Similarity,0.236112534,Review 103 Similarity,0
50,Lovely Greek Food and service. i was impressed by their lovely Greek dishes and desserts alike. will definitely go again!,To Elliniko Ouzomezedopoleio,Review 196 Similarity,0.236112534,Review 104 Similarity,0
50,"Had a great night at Elliniko! We had a meal with family and friends. Started with excellent mezzes (one of the best tzatzikis I ever had), which were followed up by the meats. The lamb and the chicken were really good. Excellent atmosphere and great service. Definitely a recommendation!",To Elliniko Ouzomezedopoleio,Review 170 Similarity,0.235440805,Review 105 Similarity,0
40,"Very good service, polite staff. However, not any choices as side dishes for your main course that are not charged extra which is very inconvenient. For example, you can not change the potatoes in a dish with rice or with something else. You have to buy it extra. Also, they could offer a treat on the house at the end of dinner such as fruits, a sweet or something. Does not cost anything guys!",To Elliniko Ouzomezedopoleio,Review 189 Similarity,0.234260643,Review 107 Similarity,0
40,"Been there twice so far. Loved the dips in the appetizers section, especially the Fava and the Melintzanosalata which are unique and different from what you will find elsewhere and honestly the Kolokithokefte was the best i have ever had! I had fish for a main and the waitress recmmended the grilled Sardela which is one of their most popular dishes and i believe it was totally worth it. I also tried the Kritharotto with seafood on the other occassion i visited, which was good overall, although i believe it would have been better if it was combined with tomato sauce. Definetely worth revisiting, especially if you are looking for traditional and unique Greek food you won't normally find at a regular taverna.",To Elliniko Ouzomezedopoleio,Review 226 Similarity,0.234260643,Review 108 Similarity,0
50,Best quality food. There is a variety of dishes to choose from and enjoy the traditional Greek cuisine. Totally recommended!,To Elliniko Ouzomezedopoleio,Review 233 Similarity,0.234260643,Review 109 Similarity,0
20,Big portions.nothing to do with meze.dishes should be smaller so that customers can taste more.the orzo tasted only ouzo seafood was completely uncooked.sardines overcooked and tasteless.salad and tarama were good.this is not the mezedopolio concept as in greece.sorry .,To Elliniko Ouzomezedopoleio,Review 1 Similarity,0.220863052,Review 110 Similarity,0
30,Food was ok and service was ok if a little disinterested. Portions are large. Right next to a Hilton hotel so convenient if staying there. Parking tricky. Doubt we will be returning.,To Elliniko Ouzomezedopoleio,Review 21 Similarity,0.220863052,Review 111 Similarity,0
40,"Very good food. Selection of salads, hot and cold appetisers and different meat dishes. Friendly service and very good value.",To Elliniko Ouzomezedopoleio,Review 50 Similarity,0.220863052,Review 112 Similarity,0
40,"It was a must Greek dishes cuisine.Selections of fish ,meat cook and serve the Greek Orthodox way.Big variety of Salads and big choices of delicious small dishes.",To Elliniko Ouzomezedopoleio,Review 156 Similarity,0.220863052,Review 113 Similarity,0
40,"The food was tasty and came on time. The ambience was good and the staff was very helpful. The only negative is that the ventilation was not good enough and when we left, our clothes smelled like food.",To Elliniko Ouzomezedopoleio,Review 30 Similarity,0.197545919,Review 120 Similarity,0
20,People are trying to pass it as traditional greek ouzeri but all they do are serving low quality fried dishes. Sometimes i wonder if the chef is tasting the food. The atmosphere is nice though despite the heavy smell pf burned oil.,To Elliniko Ouzomezedopoleio,Review 34 Similarity,0.191273014,Review 121 Similarity,0
50,Excellent food and fast service. Very polite waiters and very professional! I have been a regular customer for 2 years and the food is getting better and better! Keep it up!!,To Elliniko Ouzomezedopoleio,Review 121 Similarity,0.191273014,Review 122 Similarity,0
50,"To Elliniko has come to join other contemporary Greek cuisine inspired restaurants in Nicosia like Pantopolio and Souxou Mouxou. Yet its rather more casual atmosphere makes it not so much of a rival as a welcome addition, occupying its own niche. And in spite of it being part of a franchise, Ellinikon has enough character and style to make it just right for a business lunch as well as a family lunch, dinner with friends or a romantic dinner. The crowd (and it is crowded) is mostly young and well healed.While they make a point of informing one that one serves the wine/drinks oneself, service is friendly, efficient and very polite without it being intrusive.The menu is quite extensive with sections for cold starters, salads, hot starters, fish and meat grills and pot/oven cooked main courses. The food on offer is generally traditional dishes with a contemporary/imaginative flair.A tomato and green chilli dip comes with the complimentary slices of crusty country bred.The Village Salad is crispy, properly dressed and comes with very large slices of excellent fetta cheese (creamy and fresh, not the variety that curdles your stomach). Our starters were delicious - cheese baked in filo pastry and drizzled with honey, fried courgette balls (kolokithokeftedakia) oozing with Greek aromas and fresh mint, served with a yoghurt dip.We were so full that we shared a main of grilled calamari. The calamari was perfectly barbecued on wooden skewers (tender and juicy), lightly drizzled in olive oil and lemon and served on a bed of salad.I tried two deserts. Kazan Dipi or burnt cream (no Creme Brule, this) and a cinnamon dusted, cream cheese covered, syrup soaked sponge were good but betrayed the franchise nature of the establishment.All washed down with an averagely priced Greek red (Paranga) the meal came to ‚Ç¨30 per person, a generous tip included.",To Elliniko Ouzomezedopoleio,Review 245 Similarity,0.189388505,Review 125 Similarity,0
40,Traditional Greek food with a twist. The service is excellent and always trying to please the customer. It is possibly one of the best places for traditional Greek food in town. Prices are not high but there is space of improvement.,To Elliniko Ouzomezedopoleio,Review 222 Similarity,0.188352644,Review 126 Similarity,0
50,"Lunch for 2 people (starter, main dishes, coffee) with excellent quality at a very reasonable price of 27 EUR. Ask for the special lunch card.",To Elliniko Ouzomezedopoleio,Review 26 Similarity,0.180333927,Review 130 Similarity,0
40,"Visited on a Sunday for lunch with friends, we ordered four different main courses, that were all delicious and good portions! We had also 2 small side dishes and a salad! Only the portion of the salad was small! In general everything were excellent!!",To Elliniko Ouzomezedopoleio,Review 39 Similarity,0.180333927,Review 131 Similarity,0
50,"Excelent service, top quality food, and overall an amazing experience!Highly recommended for casual or business eating!",To Elliniko Ouzomezedopoleio,Review 67 Similarity,0.180333927,Review 132 Similarity,0
40,The food was mediocre to good. The oil in the salad was tangled and smelled awful and the ‚Äúyiaourtlou kebab‚Äù had a strange and unpleasant smell. Potato chips and chicken kebab were super. Desserts were delicious and service was OK.,To Elliniko Ouzomezedopoleio,Review 119 Similarity,0.180333927,Review 133 Similarity,0
50,A different view of Greek cuisine with dishes not found easy elsewhere. It was a nice surprise visited with family,To Elliniko Ouzomezedopoleio,Review 123 Similarity,0.180333927,Review 134 Similarity,0
50,As usual the food from the starters to the main and the desert reminds us the real Greek food with emphasis to Crete island. The food was very good and the service perfect.,To Elliniko Ouzomezedopoleio,Review 128 Similarity,0.180333927,Review 135 Similarity,0
50,"I always like to eat the food of the country I‚Äôm in so headed straight for Elliniko. The food is excellent, but beware, the portions are huge. I have had dinner there 2 nights running and have really enjoyed everything. I recommend a glass of ouzo to finish off. The service is nice too.",To Elliniko Ouzomezedopoleio,Review 97 Similarity,0.177084401,Review 137 Similarity,0
40,"Staying at the hotel next door on business and for a few cold days, we had no incentive to go anywhere else. Everything we tried was good, and even on a busy night when they were fully booked later on they fitted us in. The atmosphere of a Cypriot taverna with no frills, really good food (fish or meat), generous portions, pleasant English-speaking service and reasonable prices.",To Elliniko Ouzomezedopoleio,Review 8 Similarity,0.165647289,Review 140 Similarity,0
50,"You will not be let down ... if you are after very good service and consistently good food. It's not off the charts by Michelin standards (unlike say Pyragmena which by Cypriot standards is unique) - but I've never having now gone many times been disappointed, and the food has a certain high consistency. If I had an important business lunch in Nicosia other than Skinny Fox and Pyxida, it's where I most obviously would head to just for its very good service and food quality which never disappoints.",To Elliniko Ouzomezedopoleio,Review 43 Similarity,0.162822402,Review 142 Similarity,0
50,"Have visited on many occasions. These guys maintain a good quality consistency (the number one criterion for great restaurants and the one at which most fail). Mouth-watering Greek tastes, fava beans, black eye beans with dill, pastourmali, a variety of Greek cheeses,agiorgitiki tigania, oven baked sardines and many more.... If you like authentic Greek tastes, this is a great choice, possibly one of the best you can get in Cyprus.",To Elliniko Ouzomezedopoleio,Review 127 Similarity,0.161295568,Review 144 Similarity,0
50,The food was very nice and the service very good. The staff was friendly and the food was served on time.,To Elliniko Ouzomezedopoleio,Review 36 Similarity,0.156173762,Review 145 Similarity,0
20,"It wasn't what it was expected to be; thoroughly underwhelmed expectations. Food was neither the best in its category, nor the cheapest, nor memorable, nor worth it. I guess what I'm trying to say is it's ok if you're there and you're getting something fast for the road but I wouldn't plan a night out there.",To Elliniko Ouzomezedopoleio,Review 98 Similarity,0.156173762,Review 146 Similarity,0
20,"Just a food, some of it was too salty, some overcooked, some tasteless. We took Armenian pastourma (too salty and the garnish didn‚Äôt compensate its saltiness), grilled octopus (which was dry and chewy like a rubber) and sardines (tasteless and dry). Never go again and do not recommend anyone at least if you are not starving or have no choice.",To Elliniko Ouzomezedopoleio,Review 99 Similarity,0.156173762,Review 147 Similarity,0
40,"A lot of items on the menu, took me time to decide but the salad had a delicious flavor and the kebabs were juicy. Recommended.",To Elliniko Ouzomezedopoleio,Review 175 Similarity,0.156173762,Review 148 Similarity,0
50,We had dinner in this restaurants with friends and our teenager kids and was really good food in a family friendly environment at very reasonable prices.,To Elliniko Ouzomezedopoleio,Review 180 Similarity,0.156173762,Review 149 Similarity,0
40,"Close to the Hilton, furniture and facilities are very nice, the food are fresh and lovely, kitchen and food are displayed. Best places for family or friends group. To be suggesting...",To Elliniko Ouzomezedopoleio,Review 144 Similarity,0.139686059,Review 156 Similarity,0
50,Excellent food . The staff was very friendly and the food was very fresh. The music was pleasant. Looking forward to comeback.,To Elliniko Ouzomezedopoleio,Review 25 Similarity,0.118056267,Review 163 Similarity,0
50,The food is very good and the service is excellent. It is very good for a casual or a business meal.,To Elliniko Ouzomezedopoleio,Review 118 Similarity,0.118056267,Review 164 Similarity,0
50,Visited it with a friend. Nice environment. Polite staff. Food is really good. Tried many traditional greek food. You can also buy cheese and other greek traditional food.,To Elliniko Ouzomezedopoleio,Review 185 Similarity,0.117130321,Review 165 Similarity,0
40,"Supper the first day, lunch on the third day;We had supper here the first night we are in Nicosia on business and lunch on the last day before heading to the airportGreek Meze!Salad, different of fish in small portions, chicken, lamb, dips, fried cheese etc.What can i say!I can go on and on.Good food at reasonable price.I will be back:-)",To Elliniko Ouzomezedopoleio,Review 151 Similarity,0.110431526,Review 167 Similarity,0
50,"In general the quality of dining in Cyprus is not of the highest standards. In 3,5 years there have been very few venues that have pleasantly surprised me with their menu, style, ingredients and taste. To Elliniko is by far one of the best experiences I've had on the island. It is recommended for everyone.Please, order fish and you'll know what I mean.",To Elliniko Ouzomezedopoleio,Review 218 Similarity,0.110431526,Review 168 Similarity,0
40,"Excellent food but a few setbacks. Waiters in a hurry to serve , as a result no time left between starters and main dish, like they wanted us to eat as fast as possible and get out of there. ThEy should be mor3 careful with their timing. Food quality was excellent and highly recommended. On a busy night it can be crowded and noisy",To Elliniko Ouzomezedopoleio,Review 31 Similarity,0.104115841,Review 169 Similarity,0
50,The food was perfect and the portion are huge and is value for money. The staff are very friendly and professional,To Elliniko Ouzomezedopoleio,Review 38 Similarity,0.090166963,Review 170 Similarity,0
40,"Went here for a business dinner. Service good, setting casual and food was quite good. The mezedes were fresh and well done and the mains were delicious. Perhaps not very Cypriot but certainly quite Greek. Good ouzo selection.",To Elliniko Ouzomezedopoleio,Review 46 Similarity,0.090166963,Review 171 Similarity,0
40,some foods were excellent but some others seemed they were not freshly made . generally it was ok.the service was very good.,To Elliniko Ouzomezedopoleio,Review 47 Similarity,0.090166963,Review 172 Similarity,0
50,"Excellent presentation of menus., plates and quick professional service... Professional personnel. Relaxing atmosphere. It was an unforgettable time.",To Elliniko Ouzomezedopoleio,Review 72 Similarity,0.090166963,Review 173 Similarity,0
50,Lovely atmosphere with very good service and delicious plates and desserts!!!! Highly recommended!!!!!,To Elliniko Ouzomezedopoleio,Review 108 Similarity,0.090166963,Review 174 Similarity,0
50,"A must for every visitor in town and for local too. I had a business obligation 2 days ago and all 25 colleagues from all over Europe were excited! Each time I visit is better than last time! Congrats to all, management and staff. Delicious plates, excellent service, best choice ala- ellinika in town.",To Elliniko Ouzomezedopoleio,Review 165 Similarity,0.090166963,Review 175 Similarity,0
50,A very good Greek style food that is serving fresh authentic tastes. I would be happy to come back very soon.,To Elliniko Ouzomezedopoleio,Review 209 Similarity,0.090166963,Review 176 Similarity,0
30,Although the decoration and the atmosphere is nice i got disappointed by the food. i have ordered the melomeno pork fillet which was overcooked and dry.,To Elliniko Ouzomezedopoleio,Review 228 Similarity,0.090166963,Review 178 Similarity,0
50,Helpful staff and excellent traditional food...traditional decoration.. Not expensive value for money.!! However you have to reserve a table before because is very busy,To Elliniko Ouzomezedopoleio,Review 236 Similarity,0.090166963,Review 179 Similarity,0
40,"Food is good, service is ok, atmosphere is good as well, price vs value is not good. A little commercial products quality. Local tavernas are much better in terms of value for money.",To Elliniko Ouzomezedopoleio,Review 203 Similarity,0.086629616,Review 181 Similarity,0
50,"Amazing Greek cuisine, top taste and quality, excellent service. Highly recommend the grilled chicken and staffed eggplant!",To Elliniko Ouzomezedopoleio,Review 62 Similarity,0.078086881,Review 185 Similarity,0
40,we have had nice food here the staff was also friendly and was very close to our hotel which was very convinient,To Elliniko Ouzomezedopoleio,Review 134 Similarity,0.078086881,Review 186 Similarity,0
40,Attentive wait staff when you need them but do not bother you to much- one of my pet peeves. Food was good. The beer could have been colder but good for being out of the States. Will probably drop in again during my stay.,To Elliniko Ouzomezedopoleio,Review 243 Similarity,0.063757671,Review 189 Similarity,0
20,"The atmosphere was very nice. Service was good as well. Very friendly staff and helpful though, the dish I ordered was a fish- that was so salty it was impossible to eat. i ordered some vegetables in adition so i coulf try to it the fish with the vegetables but it didnt help a lot. At the end they got wrong the bill two times in raw",To Elliniko Ouzomezedopoleio,Review 244 Similarity,0.063757671,Review 190 Similarity,0
50,"Very nice open plan, new style tavern. Very nice taste of the traditional Greek cuisine. Good service!",To Elliniko Ouzomezedopoleio,Review 160 Similarity,0.059028134,Review 192 Similarity,0
40,Excellent interior design and excellent quality. Very good service. Absolute Greek culture fusion!!!,To Elliniko Ouzomezedopoleio,Review 35 Similarity,0.055215763,Review 194 Similarity,0
30,"We were there last week, OK i was really frustrated as i couldnt find parking nearby. When there is a wedding party in the hotel, dont expect to find parking nearby. Anyway the problem was my food, i ordered this beef with mashed potato, called a name i cant remember... meat was not too hot, and before i finish my dish the meat was cold - maybe the kitchen staff didnt reheat it enough :) we were offered desserts and it was a nice gesture but really i wasnt excited.. better luck next time for me. The staff was very helpful and the manager was a nice guy but ....",To Elliniko Ouzomezedopoleio,Review 125 Similarity,0.052057921,Review 195 Similarity,0
40,"Bright, spacious and well decorated with plenty of seating both indoors and out. The food is mainly Greek (as opposed to Cypriot)-and it's all good. Lots of starters and salads (good for vegetarians) and a good selection of meats/souvlaki and saganaki. Relaxed and unpretentious. I'd go again",To Elliniko Ouzomezedopoleio,Review 249 Similarity,0.047088161,Review 196 Similarity,0
40,"The portions were big with a good tasteWe ordered zucchini balls, Greek salad, chips, feta pie and octopus plate.Tasteful and delicious.",To Elliniko Ouzomezedopoleio,Review 6 Similarity,0,Review 198 Similarity,0
50,"All what we have ordered was exceptional, nice atmosphere , waiter was very friendly , all was perfect",To Elliniko Ouzomezedopoleio,Review 45 Similarity,0,Review 200 Similarity,0
50,"Unsusual decor, modern with a touch of old greece. Scrumptious is the only word to describe whatever emerged from the kitchens, salads and dips and souvlaki - could not reach the dessert stage as the appetizers filled us up.",To Elliniko Ouzomezedopoleio,Review 83 Similarity,0,Review 202 Similarity,0
50,The original Greek cuisine at your plate. The cuisine is immaculate. Small treasures at your plate. Little bit expensive but for that taste you have to pay gold. If you taste the original pasturma you are going to thank me.,To Elliniko Ouzomezedopoleio,Review 115 Similarity,0,Review 204 Similarity,0
50,"greak greek tastes we tried the calamari skewer, the mushrooms tigania, pork tigania, salad, and a few more all was delicious!",To Elliniko Ouzomezedopoleio,Review 129 Similarity,0,Review 205 Similarity,0
